guide_seq,GC_content,tandem_repeats,entropy,melting_temperature,contiguous_repetitiveness,MFE,Cas12,Cas13,Cas9,A_count,C_count,T_count,G_count,Pos_1_A,Pos_1_G,Pos_1_T,Pos_1_C,Pos_2_A,Pos_2_G,Pos_2_T,Pos_2_C,Pos_3_A,Pos_3_G,Pos_3_T,Pos_3_C,Pos_4_A,Pos_4_G,Pos_4_T,Pos_4_C,Pos_5_A,Pos_5_G,Pos_5_T,Pos_5_C,Pos_6_A,Pos_6_G,Pos_6_T,Pos_6_C,Pos_7_A,Pos_7_G,Pos_7_T,Pos_7_C,Pos_8_A,Pos_8_G,Pos_8_T,Pos_8_C,Pos_9_A,Pos_9_G,Pos_9_T,Pos_9_C,Pos_10_A,Pos_10_G,Pos_10_T,Pos_10_C,Pos_11_A,Pos_11_G,Pos_11_T,Pos_11_C,Pos_12_A,Pos_12_G,Pos_12_T,Pos_12_C,Pos_13_A,Pos_13_G,Pos_13_T,Pos_13_C,Pos_14_A,Pos_14_G,Pos_14_T,Pos_14_C,Pos_15_A,Pos_15_G,Pos_15_T,Pos_15_C,Pos_16_A,Pos_16_G,Pos_16_T,Pos_16_C,Pos_17_A,Pos_17_G,Pos_17_T,Pos_17_C,Pos_18_A,Pos_18_G,Pos_18_T,Pos_18_C,Pos_19_A,Pos_19_G,Pos_19_T,Pos_19_C,Pos_20_A,Pos_20_G,Pos_20_T,Pos_20_C,Pos_21_A,Pos_21_G,Pos_21_T,Pos_21_C,Pos_22_A,Pos_22_G,Pos_22_T,Pos_22_C,Pos_23_A,Pos_23_G,Pos_23_T,Pos_23_C,Pos_24_A,Pos_24_G,Pos_24_T,Pos_24_C,Pos_25_A,Pos_25_G,Pos_25_T,Pos_25_C,Pos_26_A,Pos_26_G,Pos_26_T,Pos_26_C,Pos_27_A,Pos_27_G,Pos_27_T,Pos_27_C,Pos_28_A,Pos_28_G,Pos_28_T,Pos_28_C
TGGATAAAAAGACATATACATCCTAGAT,0.285714286,0.178571429,0.908013161,0.642358688,0.178571429,0.830508475,0,1,0,0.464285714,0.142857143,0.25,0.142857143,0,0,1,0,0,1,0,0,0,1,0,0,1,0,0,0,0,0,1,0,1,0,0,0,1,0,0,0,1,0,0,0,1,0,0,0,1,0,0,0,0,1,0,0,1,0,0,0,0,0,0,1,1,0,0,0,0,0,1,0,1,0,0,0,0,0,1,0,1,0,0,0,0,0,0,1,1,0,0,0,0,0,1,0,0,0,0,1,0,0,0,1,0,0,1,0,1,0,0,0,0,1,0,0,1,0,0,0,0,0,1,0
GGCCCTGCTATAACAGAAAGGCAGAGGA,0.535714286,0.142857143,0.93915481,0.767533147,0.107142857,0.119774011,0,1,0,0.357142857,0.214285714,0.107142857,0.321428571,0,1,0,0,0,1,0,0,0,0,0,1,0,0,0,1,0,0,0,1,0,0,1,0,0,1,0,0,0,0,0,1,0,0,1,0,1,0,0,0,0,0,1,0,1,0,0,0,1,0,0,0,0,0,0,1,1,0,0,0,0,1,0,0,1,0,0,0,1,0,0,0,1,0,0,0,0,1,0,0,0,1,0,0,0,0,0,1,1,0,0,0,0,1,0,0,1,0,0,0,0,1,0,0,0,1,0,0,1,0,0,0
GAAAAAGGGGAACTACACAAATTGGACA,0.392857143,0.178571429,0.873153517,0.696004885,0.178571429,0.953672316,0,1,0,0.5,0.142857143,0.107142857,0.25,0,1,0,0,1,0,0,0,1,0,0,0,1,0,0,0,1,0,0,0,1,0,0,0,0,1,0,0,0,1,0,0,0,1,0,0,0,1,0,0,1,0,0,0,1,0,0,0,0,0,0,1,0,0,1,0,1,0,0,0,0,0,0,1,1,0,0,0,0,0,0,1,1,0,0,0,1,0,0,0,1,0,0,0,0,0,1,0,0,0,1,0,0,1,0,0,0,1,0,0,1,0,0,0,0,0,0,1,1,0,0,0
GGAGAAGCACTTTTCAACAGCTCGCCAA,0.5,0.142857143,0.981378524,0.749651082,0.142857143,0.484745763,0,1,0,0.321428571,0.285714286,0.178571429,0.214285714,0,1,0,0,0,1,0,0,1,0,0,0,0,1,0,0,1,0,0,0,1,0,0,0,0,1,0,0,0,0,0,1,1,0,0,0,0,0,0,1,0,0,1,0,0,0,1,0,0,0,1,0,0,0,1,0,0,0,0,1,1,0,0,0,1,0,0,0,0,0,0,1,1,0,0,0,0,1,0,0,0,0,0,1,0,0,1,0,0,0,0,1,0,1,0,0,0,0,0,1,0,0,0,1,1,0,0,0,1,0,0,0
ACCCTTCTAAACATTAAAATCTGTTTCC,0.321428571,0.142857143,0.872452355,0.660240754,0.142857143,0.86779661,0,1,0,0.321428571,0.285714286,0.357142857,0.035714286,1,0,0,0,0,0,0,1,0,0,0,1,0,0,0,1,0,0,1,0,0,0,1,0,0,0,0,1,0,0,1,0,1,0,0,0,1,0,0,0,1,0,0,0,0,0,0,1,1,0,0,0,0,0,1,0,0,0,1,0,1,0,0,0,1,0,0,0,1,0,0,0,1,0,0,0,0,0,1,0,0,0,0,1,0,0,1,0,0,1,0,0,0,0,1,0,0,0,1,0,0,0,1,0,0,0,0,1,0,0,0,1
GGAAACCCATGAGGGAAAGAGAAGAGCT,0.5,0.142857143,0.863698337,0.749651082,0.107142857,0.595480226,0,1,0,0.428571429,0.142857143,0.071428571,0.357142857,0,1,0,0,0,1,0,0,1,0,0,0,1,0,0,0,1,0,0,0,0,0,0,1,0,0,0,1,0,0,0,1,1,0,0,0,0,0,1,0,0,1,0,0,1,0,0,0,0,1,0,0,0,1,0,0,0,1,0,0,1,0,0,0,1,0,0,0,1,0,0,0,0,1,0,0,1,0,0,0,0,1,0,0,1,0,0,0,1,0,0,0,0,1,0,0,1,0,0,0,0,1,0,0,0,0,0,1,0,0,1,0
AACAGAGTACTGAGGCTTTAATGATCAT,0.357142857,0.142857143,0.962087176,0.678122819,0.107142857,0.744632768,0,1,0,0.357142857,0.142857143,0.285714286,0.214285714,1,0,0,0,1,0,0,0,0,0,0,1,1,0,0,0,0,1,0,0,1,0,0,0,0,1,0,0,0,0,1,0,1,0,0,0,0,0,0,1,0,0,1,0,0,1,0,0,1,0,0,0,0,1,0,0,0,1,0,0,0,0,0,1,0,0,1,0,0,0,1,0,0,0,1,0,1,0,0,0,1,0,0,0,0,0,1,0,0,1,0,0,1,0,0,0,0,0,1,0,0,0,0,1,1,0,0,0,0,0,1,0
GTAGGGAAATATCAAACTTTTAAGCTGG,0.357142857,0.142857143,0.946076516,0.678122819,0.142857143,0.943502825,0,1,0,0.357142857,0.107142857,0.285714286,0.25,0,1,0,0,0,0,1,0,1,0,0,0,0,1,0,0,0,1,0,0,0,1,0,0,1,0,0,0,1,0,0,0,1,0,0,0,0,0,1,0,1,0,0,0,0,0,1,0,0,0,0,1,1,0,0,0,1,0,0,0,1,0,0,0,0,0,0,1,0,0,1,0,0,0,1,0,0,0,1,0,0,0,1,0,1,0,0,0,1,0,0,0,0,1,0,0,0,0,0,1,0,0,1,0,0,1,0,0,0,1,0,0
ACTAGTAGATGGAGAAGCACTTTTCAAC,0.392857143,0.214285714,0.975281374,0.696004885,0.142857143,0.725423729,0,1,0,0.357142857,0.178571429,0.25,0.214285714,1,0,0,0,0,0,0,1,0,0,1,0,1,0,0,0,0,1,0,0,0,0,1,0,1,0,0,0,0,1,0,0,1,0,0,0,0,0,1,0,0,1,0,0,0,1,0,0,1,0,0,0,0,1,0,0,1,0,0,0,1,0,0,0,0,1,0,0,0,0,0,1,1,0,0,0,0,0,0,1,0,0,1,0,0,0,1,0,0,0,1,0,0,0,1,0,0,0,0,1,1,0,0,0,1,0,0,0,0,0,0,1
GGCAGAGGAAGAGTGGGTCATATGATAG,0.5,0.142857143,0.882989684,0.749651082,0.107142857,0.882485876,0,1,0,0.321428571,0.071428571,0.178571429,0.428571429,0,1,0,0,0,1,0,0,0,0,0,1,1,0,0,0,0,1,0,0,1,0,0,0,0,1,0,0,0,1,0,0,1,0,0,0,1,0,0,0,0,1,0,0,1,0,0,0,0,1,0,0,0,0,1,0,0,1,0,0,0,1,0,0,0,1,0,0,0,0,1,0,0,0,0,1,1,0,0,0,0,0,1,0,1,0,0,0,0,0,1,0,0,1,0,0,1,0,0,0,0,0,1,0,1,0,0,0,0,1,0,0
GTGATCTCTTGAAAAAATGAATGAATGG,0.321428571,0.285714286,0.908941171,0.660240754,0.214285714,0.959322034,0,1,0,0.392857143,0.071428571,0.285714286,0.25,0,1,0,0,0,0,1,0,0,1,0,0,1,0,0,0,0,0,1,0,0,0,0,1,0,0,1,0,0,0,0,1,0,0,1,0,0,0,1,0,0,1,0,0,1,0,0,0,1,0,0,0,1,0,0,0,1,0,0,0,1,0,0,0,1,0,0,0,0,0,1,0,0,1,0,0,1,0,0,0,1,0,0,0,0,0,1,0,0,1,0,0,1,0,0,0,1,0,0,0,0,0,1,0,0,1,0,0,0,1,0,0
GGCACCGCCAAGCTCACCCACCCGAATG,0.678571429,0.285714286,0.881052893,0.83906141,0.107142857,0.648587571,0,1,0,0.25,0.464285714,0.071428571,0.214285714,0,1,0,0,0,1,0,0,0,0,0,1,1,0,0,0,0,0,0,1,0,0,0,1,0,1,0,0,0,0,0,1,0,0,0,1,1,0,0,0,1,0,0,0,0,1,0,0,0,0,0,1,0,0,1,0,0,0,0,1,1,0,0,0,0,0,0,1,0,0,0,1,0,0,0,1,1,0,0,0,0,0,0,1,0,0,0,1,0,0,0,1,0,1,0,0,1,0,0,0,1,0,0,0,0,0,1,0,0,1,0,0
TACACAAATTGGACATGTTCAGGCCCTG,0.464285714,0.142857143,0.996307034,0.731769016,0.107142857,0.871186441,0,1,0,0.285714286,0.25,0.25,0.214285714,0,0,1,0,1,0,0,0,0,0,0,1,1,0,0,0,0,0,0,1,1,0,0,0,1,0,0,0,1,0,0,0,0,0,1,0,0,0,1,0,0,1,0,0,0,1,0,0,1,0,0,0,0,0,0,1,1,0,0,0,0,0,1,0,0,1,0,0,0,0,1,0,0,0,1,0,0,0,0,1,1,0,0,0,0,1,0,0,0,1,0,0,0,0,0,1,0,0,0,1,0,0,0,1,0,0,1,0,0,1,0,0
TTTTAAGCTGGTGTCACCAGAATCCCCA,0.464285714,0.142857143,0.98830023,0.731769016,0.142857143,0.415819209,0,1,0,0.25,0.285714286,0.285714286,0.178571429,0,0,1,0,0,0,1,0,0,0,1,0,0,0,1,0,1,0,0,0,1,0,0,0,0,1,0,0,0,0,0,1,0,0,1,0,0,1,0,0,0,1,0,0,0,0,1,0,0,1,0,0,0,0,1,0,0,0,0,1,1,0,0,0,0,0,0,1,0,0,0,1,1,0,0,0,0,1,0,0,1,0,0,0,1,0,0,0,0,0,1,0,0,0,0,1,0,0,0,1,0,0,0,1,0,0,0,1,1,0,0,0
GATCCATTAGTGTCCGAAATCTAAAGGA,0.392857143,0.142857143,0.975281374,0.696004885,0.107142857,0.546892655,0,1,0,0.357142857,0.178571429,0.25,0.214285714,0,1,0,0,1,0,0,0,0,0,1,0,0,0,0,1,0,0,0,1,1,0,0,0,0,0,1,0,0,0,1,0,1,0,0,0,0,1,0,0,0,0,1,0,0,1,0,0,0,0,1,0,0,0,0,1,0,0,0,1,0,1,0,0,1,0,0,0,1,0,0,0,1,0,0,0,0,0,1,0,0,0,0,1,0,0,1,0,1,0,0,0,1,0,0,0,1,0,0,0,0,1,0,0,0,1,0,0,1,0,0,0
ATCTCCATGACTAGTAGATGGAGAAGCA,0.428571429,0.214285714,0.975281374,0.71388695,0.071428571,0.0,0,1,0,0.357142857,0.178571429,0.214285714,0.25,1,0,0,0,0,0,1,0,0,0,0,1,0,0,1,0,0,0,0,1,0,0,0,1,1,0,0,0,0,0,1,0,0,1,0,0,1,0,0,0,0,0,0,1,0,0,1,0,1,0,0,0,0,1,0,0,0,0,1,0,1,0,0,0,0,1,0,0,1,0,0,0,0,0,1,0,0,1,0,0,0,1,0,0,1,0,0,0,0,1,0,0,1,0,0,0,1,0,0,0,0,1,0,0,0,0,0,1,1,0,0,0
TGTCTGATGACTTATGTGTGGAGGTTTT,0.392857143,0.214285714,0.856623151,0.696004885,0.142857143,0.71299435,0,1,0,0.142857143,0.071428571,0.464285714,0.321428571,0,0,1,0,0,1,0,0,0,0,1,0,0,0,0,1,0,0,1,0,0,1,0,0,1,0,0,0,0,0,1,0,0,1,0,0,1,0,0,0,0,0,0,1,0,0,1,0,0,0,1,0,1,0,0,0,0,0,1,0,0,1,0,0,0,0,1,0,0,1,0,0,0,0,1,0,0,1,0,0,0,1,0,0,1,0,0,0,0,1,0,0,0,1,0,0,0,0,1,0,0,0,1,0,0,0,1,0,0,0,1,0
CTCGCCAAAGCCAGTTGATCTGGCACCG,0.607142857,0.107142857,0.975281374,0.803297278,0.107142857,0.068926554,0,1,0,0.214285714,0.357142857,0.178571429,0.25,0,0,0,1,0,0,1,0,0,0,0,1,0,1,0,0,0,0,0,1,0,0,0,1,1,0,0,0,1,0,0,0,1,0,0,0,0,1,0,0,0,0,0,1,0,0,0,1,1,0,0,0,0,1,0,0,0,0,1,0,0,0,1,0,0,1,0,0,1,0,0,0,0,0,1,0,0,0,0,1,0,0,1,0,0,1,0,0,0,1,0,0,0,0,0,1,1,0,0,0,0,0,0,1,0,0,0,1,0,1,0,0
TTTCAACAGCTCGCCAAAGCCAGTTGAT,0.464285714,0.107142857,0.98830023,0.731769016,0.107142857,0.276836158,0,1,0,0.285714286,0.285714286,0.25,0.178571429,0,0,1,0,0,0,1,0,0,0,1,0,0,0,0,1,1,0,0,0,1,0,0,0,0,0,0,1,1,0,0,0,0,1,0,0,0,0,0,1,0,0,1,0,0,0,0,1,0,1,0,0,0,0,0,1,0,0,0,1,1,0,0,0,1,0,0,0,1,0,0,0,0,1,0,0,0,0,0,1,0,0,0,1,1,0,0,0,0,1,0,0,0,0,1,0,0,0,1,0,0,1,0,0,1,0,0,0,0,0,1,0
TAGATGGAATCGGAAAATGTGCATAACA,0.357142857,0.142857143,0.922682872,0.678122819,0.142857143,0.915254237,0,1,0,0.428571429,0.107142857,0.214285714,0.25,0,0,1,0,1,0,0,0,0,1,0,0,1,0,0,0,0,0,1,0,0,1,0,0,0,1,0,0,1,0,0,0,1,0,0,0,0,0,1,0,0,0,0,1,0,1,0,0,0,1,0,0,1,0,0,0,1,0,0,0,1,0,0,0,1,0,0,0,0,0,1,0,0,1,0,0,0,0,1,0,0,1,0,0,0,0,0,1,1,0,0,0,0,0,1,0,1,0,0,0,1,0,0,0,0,0,0,1,1,0,0,0
CACTTTTCAACAGCTCGCCAAAGCCAGT,0.5,0.142857143,0.962087176,0.749651082,0.142857143,0.745762712,0,1,0,0.285714286,0.357142857,0.214285714,0.142857143,0,0,0,1,1,0,0,0,0,0,0,1,0,0,1,0,0,0,1,0,0,0,1,0,0,0,1,0,0,0,0,1,1,0,0,0,1,0,0,0,0,0,0,1,1,0,0,0,0,1,0,0,0,0,0,1,0,0,1,0,0,0,0,1,0,1,0,0,0,0,0,1,0,0,0,1,1,0,0,0,1,0,0,0,1,0,0,0,0,1,0,0,0,0,0,1,0,0,0,1,1,0,0,0,0,1,0,0,0,0,1,0
GTTTTATGACCTGACATTTGAATGGGGG,0.428571429,0.178571429,0.93915481,0.71388695,0.178571429,0.71299435,0,1,0,0.214285714,0.107142857,0.357142857,0.321428571,0,1,0,0,0,0,1,0,0,0,1,0,0,0,1,0,0,0,1,0,1,0,0,0,0,0,1,0,0,1,0,0,1,0,0,0,0,0,0,1,0,0,0,1,0,0,1,0,0,1,0,0,1,0,0,0,0,0,0,1,1,0,0,0,0,0,1,0,0,0,1,0,0,0,1,0,0,1,0,0,1,0,0,0,1,0,0,0,0,0,1,0,0,1,0,0,0,1,0,0,0,1,0,0,0,1,0,0,0,1,0,0
GGAGCCTGAGCTCAAAAGCTCTGAAAAC,0.5,0.142857143,0.965780142,0.749651082,0.142857143,0.303954802,0,1,0,0.357142857,0.25,0.142857143,0.25,0,1,0,0,0,1,0,0,1,0,0,0,0,1,0,0,0,0,0,1,0,0,0,1,0,0,1,0,0,1,0,0,1,0,0,0,0,1,0,0,0,0,0,1,0,0,1,0,0,0,0,1,1,0,0,0,1,0,0,0,1,0,0,0,1,0,0,0,0,1,0,0,0,0,0,1,0,0,1,0,0,0,0,1,0,0,1,0,0,1,0,0,1,0,0,0,1,0,0,0,1,0,0,0,1,0,0,0,0,0,0,1
